Year,Month,DayofMonth,DayOfWeek,DepTime,CRSDepTime,ArrTime,CRSArrTime,UniqueCarrier,FlightNum,TailNum,ActualElapsedTime,CRSElapsedTime,AirTime,ArrDelay,DepDelay,Origin,Dest,Distance,TaxiIn,TaxiOut,Cancelled,CancellationCode,Diverted,CarrierDelay,WeatherDelay,NASDelay,SecurityDelay,LateAircraftDelay
2007,11,2,5,1534,1540,1654,1710,XE,7770,N12569,80,90,55,-16,-6,OAK,LAX,337,12,13,0,,0,0,0,0,0,0
2007,9,11,2,1822,1823,2258,2257,US,596,N650AW,156,154,127,1,-1,PHX,MCI,1044,7,22,0,,0,0,0,0,0,0
2007,9,24,1,711,715,830,844,US,1243,N425US,79,89,66,-14,-4,MHT,PHL,290,3,10,0,,0,0,0,0,0,0
2007,11,5,1,2243,2250,549,556,NW,222,N588NW,306,306,281,-7,-7,HNL,SFO,2398,6,19,0,,0,0,0,0,0,0
2007,7,8,7,1656,1700,1832,1840,XE,2607,N16944,96,100,73,-8,-4,CLE,LGA,418,7,16,0,,0,0,0,0,0,0
2007,1,25,4,2133,2140,2242,2255,MQ,3701,N663AR,69,75,52,-13,-7,DFW,ICT,328,5,12,0,,0,0,0,0,0,0
2007,4,15,7,1456,1450,1625,1608,XE,2350,N12934,89,78,60,17,6,SYR,CLE,317,4,25,0,,0,0,6,11,0,0
2007,2,16,5,1406,1400,1505,1505,WN,1073,N253WN,59,65,41,0,6,LAS,LAX,236,6,12,0,,0,0,0,0,0,0
2007,6,5,2,1120,1125,1300,1305,9E,5929,86839E,160,160,141,-5,-5,PHL,MEM,874,6,13,0,,0,0,0,0,0,0
2007,4,1,7,1922,1930,2017,2025,OO,6186,N292SW,55,55,38,-8,-8,FAT,SFO,158,7,10,0,,0,0,0,0,0,0
2007,12,3,1,843,840,1059,1026,US,1773,N722US,136,106,96,33,3,DTW,CLT,500,8,32,0,,0,3,0,30,0,0
2007,5,31,4,1016,1015,1105,1059,MQ,4150,N627AE,109,104,78,6,1,TYS,ORD,475,23,8,0,,0,0,0,0,0,0
2007,12,25,2,1936,1940,2120,2146,DL,940,N912DL,104,126,86,-26,-4,CVG,LGA,585,5,13,0,,0,0,0,0,0,0
2007,8,31,5,655,705,655,700,MQ,4152,N650AE,60,55,30,-5,-10,GRR,ORD,137,7,23,0,,0,0,0,0,0,0
2007,5,5,6,1759,1745,2020,2025,WN,90,N490WN,141,160,129,-5,14,MDW,HOU,937,4,8,0,,0,0,0,0,0,0
2007,5,29,2,1759,1750,1953,2000,WN,333,N414WN,114,130,103,-7,9,PDX,LAS,762,4,7,0,,0,0,0,0,0,0
2007,2,4,7,2143,2130,7,2359,DL,1029,N648DL,324,329,297,8,13,ATL,SFO,2139,6,21,0,,0,0,0,0,0,0
2007,1,29,1,1612,1500,1705,1555,OO,3734,N299SW,53,55,40,70,72,SLC,TWF,175,2,11,0,,0,0,0,0,0,70
2007,3,12,1,1842,1817,2032,2013,US,412,N913AW,110,116,92,19,25,SFO,PHX,651,4,14,0,,0,0,0,0,0,19
2007,8,11,6,924,930,1004,1015,MQ,4377,N819AE,40,45,28,-11,-6,PIA,ORD,130,5,7,0,,0,0,0,0,0,0
2007,7,29,7,1846,1540,2136,1850,MQ,4444,N522AE,110,130,86,166,186,ORD,ATL,606,10,14,0,,0,102,0,0,0,64
2007,7,22,7,816,820,956,1015,MQ,4253,N695AE,100,115,79,-19,-4,ORD,ICT,588,4,17,0,,0,0,0,0,0,0
2007,4,29,7,924,929,1101,1115,EV,4468,N838AS,97,106,62,-14,-5,ATL,FWA,508,13,22,0,,0,0,0,0,0,0
2007,2,20,2,712,715,836,858,9E,4792,87189E,84,103,67,-22,-3,IND,DCA,499,6,11,0,,0,0,0,0,0,0
2007,8,30,4,1123,1000,1323,1215,EV,4663,N836AS,120,135,105,68,83,BUF,ATL,712,7,8,0,,0,68,0,0,0,0
2007,6,8,5,1743,1738,2052,2054,OO,1990,N807SK,129,136,102,-2,5,DFW,CVG,812,9,18,0,,0,0,0,0,0,0
2007,11,24,6,1248,1256,1532,1525,OO,6172,N939SW,104,89,77,7,-8,DEN,FSD,483,5,22,0,,0,0,0,0,0,0
2007,4,10,2,1418,1400,1658,1637,US,718,N920UW,160,157,138,21,18,FLL,PHL,992,2,20,0,,0,6,0,3,0,12
2007,4,3,2,800,800,1311,1310,WN,1044,N700GS,191,190,172,1,0,PHX,MDW,1444,7,12,0,,0,0,0,0,0,0
2007,1,11,4,651,655,657,705,MQ,4120,N670AE,66,70,45,-8,-4,TVC,ORD,224,10,11,0,,0,0,0,0,0,0
2007,11,15,4,1119,1120,1230,1240,9E,5760,80339E,71,80,54,-10,-1,TUL,MEM,342,6,11,0,,0,0,0,0,0,0
2007,2,15,4,1458,1345,1802,1700,XE,2183,N27152,124,135,107,62,73,COS,IAH,809,8,9,0,,0,0,4,0,0,58
2007,2,7,3,1852,1855,2003,2015,MQ,3724,N935AE,71,80,60,-12,-3,CRP,DFW,354,4,7,0,,0,0,0,0,0,0
2007,6,22,5,1910,1905,2148,2153,OO,4042,N803SK,98,108,76,-5,5,LAX,SLC,590,10,12,0,,0,0,0,0,0,0
2007,5,9,3,1515,1515,1614,1615,WN,44,N638SW,59,60,49,-1,0,HRL,HOU,276,3,7,0,,0,0,0,0,0,0
2007,2,26,1,1224,1231,1447,1438,XE,2391,N11181,143,127,101,9,-7,MCI,IAH,643,36,6,0,,0,0,0,0,0,0
2007,7,10,2,2100,2105,2124,2127,9E,2989,89249E,84,82,56,-3,-5,DTW,EVV,364,10,18,0,,0,0,0,0,0,0
2007,1,1,1,1102,1107,1150,1152,YV,2748,N37228,108,105,80,-2,-5,PHX,SBP,509,1,27,0,,0,0,0,0,0,0
2007,9,4,2,1218,1223,1429,1453,UA,475,N808UA,311,330,282,-24,-5,IAD,SEA,2306,4,25,0,,0,0,0,0,0,0
2007,10,15,1,842,845,1151,1150,B6,439,N503JB,189,185,148,1,-3,BOS,MCO,1121,12,29,0,,0,0,0,0,0,0
2007,5,15,2,1457,1350,2018,1910,WN,1110,N475WN,201,200,187,68,67,PHX,MDW,1444,3,11,0,,0,0,0,68,0,0
2007,8,29,3,935,930,1150,1155,WN,211,N216WR,135,145,121,-5,5,BWI,PBI,883,4,10,0,,0,0,0,0,0,0
2007,12,22,6,600,600,658,701,EV,4828,N981EV,58,61,39,-3,0,CAE,ATL,191,10,9,0,,0,0,0,0,0,0
2007,9,10,1,703,600,941,849,EV,4678,N870AS,98,109,80,52,63,PIA,ATL,564,8,10,0,,0,52,0,0,0,0
2007,11,8,4,1518,1515,1600,1600,XE,526,N19554,102,105,79,0,3,RDU,BHM,481,7,16,0,,0,0,0,0,0,0
2007,12,29,6,1745,1750,1836,1845,WN,3091,N618WN,51,55,35,-9,-5,AUS,DAL,189,6,10,0,,0,0,0,0,0,0
2007,9,6,4,1737,1740,1749,1758,9E,5769,89469E,72,78,57,-9,-3,SDF,MEM,320,5,10,0,,0,0,0,0,0,0
2007,2,9,5,1638,1600,1829,1747,EV,4360,N904EV,111,107,77,42,38,ATL,CAK,528,6,28,0,,0,0,0,4,0,38
2007,12,30,7,1014,1023,1601,1615,NW,264,N513US,227,232,197,-14,-9,PHX,DTW,1671,6,24,0,,0,0,0,0,0,0
2007,2,5,1,2027,1920,2249,2132,NW,1252,N8944E,82,72,49,77,67,ORD,DTW,235,14,19,0,,0,32,0,10,0,35
2007,4,25,3,1433,1245,1548,1412,US,395,N655AW,75,87,60,96,108,SFO,LAS,414,4,11,0,,0,27,0,0,0,69
2007,8,16,4,726,730,829,841,US,1833,N763US,63,71,48,-12,-4,PIT,PHL,267,3,12,0,,0,0,0,0,0,0
2007,7,23,1,1547,1549,1835,1851,UA,446,N381UA,108,122,86,-16,-2,ORD,CLT,599,4,18,0,,0,0,0,0,0,0
2007,9,11,2,1120,1125,1137,1150,WN,171,N613SW,77,85,62,-13,-5,BOI,SEA,399,4,11,0,,0,0,0,0,0,0
2007,12,28,5,817,810,932,930,WN,502,N338SW,75,80,64,2,7,ELP,PHX,347,3,8,0,,0,0,0,0,0,0
2007,1,5,5,1333,1240,1621,1543,EV,4805,N977EV,108,123,88,38,53,TUL,ATL,674,8,12,0,,0,0,0,38,0,0
2007,3,20,2,1930,1827,2102,2010,OH,5157,N812CA,92,103,77,52,63,ROC,CVG,461,3,12,0,,0,0,0,0,0,52
2007,7,31,2,2014,1645,2150,1835,MQ,3435,N642AE,96,110,82,195,209,DFW,PNS,604,3,11,0,,0,0,36,0,0,159
2007,2,26,1,559,600,743,724,UA,667,N539UA,164,144,116,19,-1,LGA,ORD,733,7,41,0,,0,0,0,19,0,0
2007,3,5,1,1829,1830,2050,2027,FL,520,N925AT,141,117,90,23,-1,MIA,ATL,595,38,13,0,,0,0,0,23,0,0
2007,7,27,5,1020,1017,1139,1145,NW,228,N551NW,79,88,58,-6,3,DTW,DCA,405,3,18,0,,0,0,0,0,0,0
2007,9,17,1,1259,1300,2108,2120,HA,2,N591HA,489,500,464,-12,-1,HNL,LAX,2556,10,15,0,,0,0,0,0,0,0
2007,4,3,2,1535,1530,,1838,OH,5012,N781CA,,128,,,5,OKC,CVG,756,0,18,0,,1,0,0,0,0,0
2007,7,22,7,1622,1615,1716,1735,DL,905,N635DL,234,260,212,-19,7,ATL,LAS,1747,5,17,0,,0,0,0,0,0,0
2007,1,23,2,1155,1200,1257,1310,US,2127,N768UW,62,70,41,-13,-5,BOS,LGA,185,5,16,0,,0,0,0,0,0,0
2007,3,26,1,1336,1340,1547,1605,NW,206,N8945E,71,85,52,-18,-4,MEM,ATL,332,9,10,0,,0,0,0,0,0,0
2007,11,16,5,1923,1925,2140,2143,OO,6058,N935SW,77,78,51,-3,-2,ORD,LEX,323,3,23,0,,0,0,0,0,0,0
2007,10,11,4,1628,1535,1756,1719,US,1559,N109UW,88,104,70,37,53,BOS,PIT,496,3,15,0,,0,9,0,0,0,28
2007,12,28,5,1415,1409,1643,1634,OO,6498,N978SW,88,85,58,9,6,LAX,TUS,451,6,24,0,,0,0,0,0,0,0
2007,4,18,3,812,815,943,958,FL,980,N966AT,91,103,72,-15,-3,ATL,PIT,526,6,13,0,,0,0,0,0,0,0
2007,1,19,5,2153,2200,2253,2250,MQ,4580,N716AE,60,50,35,3,-7,BOS,BGR,201,3,22,0,,0,0,0,0,0,0
2007,3,16,5,1425,1430,1456,1516,US,409,N834AW,151,166,136,-20,-5,OMA,PHX,1037,4,11,0,,0,0,0,0,0,0
2007,7,27,5,1926,1911,2035,2029,EV,4831,N825AS,69,78,48,6,15,GSO,ATL,306,12,9,0,,0,0,0,0,0,0
2007,6,6,3,707,705,825,830,WN,1978,N319SW,78,85,60,-5,2,OAK,LAS,407,4,14,0,,0,0,0,0,0,0
2007,11,26,1,757,800,926,933,FL,177,N965AT,89,93,77,-7,-3,ATL,RSW,515,4,8,0,,0,0,0,0,0,0
2007,9,27,4,1858,1810,2114,2032,EV,4330,N719EV,76,82,53,42,48,GPT,ATL,352,16,7,0,,0,0,0,42,0,0
2007,1,9,2,1956,1920,2039,2005,OO,4073,N611SK,103,105,75,34,36,SLC,GEG,546,4,24,0,,0,34,0,0,0,0
2007,7,11,3,1153,1145,1323,1312,XE,3093,N10156,90,87,69,11,8,CLE,ORF,435,4,17,0,,0,0,0,0,0,0
2007,9,7,5,1931,1936,2141,2156,FL,410,N963AT,130,140,111,-15,-5,MCO,IND,828,9,10,0,,0,0,0,0,0,0
2007,12,13,4,1413,1410,1527,1540,AA,321,N537AA,74,90,63,-13,3,ORD,MSP,334,3,8,0,,0,0,0,0,0,0
2007,11,2,5,859,900,956,1002,XE,2605,N17928,57,62,45,-6,-1,IAH,DAL,217,4,8,0,,0,0,0,0,0,0
2007,7,8,7,1751,1750,2027,1955,NW,524,N342NB,216,185,187,32,1,JAX,MSP,1174,14,15,0,,0,0,0,32,0,0
2007,10,4,4,1147,1125,1250,1224,EV,4290,N903EV,63,59,49,26,22,TRI,ATL,227,10,4,0,,0,7,15,4,0,0
2007,9,8,6,1018,1020,1151,1155,AA,1761,N405AA,153,155,133,-4,-2,BOS,ORD,867,8,12,0,,0,0,0,0,0,0
2007,7,11,3,610,610,843,850,B6,63,N644JB,153,160,132,-7,0,JFK,TPA,1005,5,16,0,,0,0,0,0,0,0
2007,7,7,6,823,755,908,854,EV,4662,N829AS,45,59,29,14,28,ATL,GSP,153,2,14,0,,0,0,0,0,0,0
2007,11,17,6,1108,1120,1139,1204,AS,65,N769AS,31,44,23,-25,-12,PSG,JNU,123,3,5,0,,0,0,0,0,0,0
2007,2,10,6,1310,1315,1625,1630,MQ,3767,N902BC,135,135,108,-5,-5,DFW,GSP,862,4,23,0,,0,0,0,0,0,0
2007,2,8,4,817,825,1126,1130,AA,1322,N3BNAA,189,185,168,-4,-8,MIA,DTW,1145,8,13,0,,0,0,0,0,0,0
2007,4,29,7,850,855,1019,1035,XE,2103,N15941,89,100,69,-16,-5,TUL,IAH,429,7,13,0,,0,0,0,0,0,0
2007,1,21,7,1829,1840,1942,1956,AS,45,N705AS,73,76,61,-14,-11,ANC,BET,399,3,9,0,,0,0,0,0,0,0
2007,1,26,5,656,705,837,908,AS,535,N612AS,161,183,142,-31,-9,DEN,SEA,1024,4,15,0,,0,0,0,0,0,0
2007,11,6,2,949,910,1107,1035,MQ,3156,N807AE,78,85,64,32,39,SJC,SAN,417,6,8,0,,0,8,0,0,0,24
2007,5,4,5,1134,1135,1243,1250,WN,299,N771SA,249,255,230,-7,-1,CMH,PHX,1671,6,13,0,,0,0,0,0,0,0
2007,11,16,5,1643,1615,1743,1725,AA,1259,N465AA,60,70,43,18,28,DFW,XNA,281,4,13,0,,0,18,0,0,0,0
2007,5,8,2,1126,1130,1258,1250,9E,5950,84589E,92,80,71,8,-4,MOB,MEM,317,10,11,0,,0,0,0,0,0,0
2007,4,27,5,757,805,922,915,MQ,4174,N619AE,85,70,52,7,-8,DSM,ORD,299,11,22,0,,0,0,0,0,0,0
2007,8,3,5,1718,1728,1936,1831,YV,7062,N454YV,138,63,45,65,-10,DEN,GUC,152,2,91,0,,0,0,0,65,0,0
2007,8,28,2,850,855,1045,1040,MQ,4870,N813AE,115,105,78,5,-5,CMH,LGA,478,21,16,0,,0,0,0,0,0,0
2007,12,18,2,902,900,1027,1030,WN,350,N347SW,85,90,73,-3,2,SMF,PDX,479,4,8,0,,0,0,0,0,0,0
2007,8,22,3,1557,1600,1632,1645,WN,1545,N271LV,155,165,141,-13,-3,MCI,PHX,1044,6,8,0,,0,0,0,0,0,0
2007,9,25,2,911,915,1113,1130,AA,2332,N494AA,122,135,103,-17,-4,DFW,ORD,802,5,14,0,,0,0,0,0,0,0
2007,8,12,7,1515,1520,1735,1740,EV,4613,N909EV,140,140,118,-5,-5,SYR,ATL,793,10,12,0,,0,0,0,0,0,0
2007,3,23,5,1313,1320,1606,1613,NW,1029,N342NB,233,233,205,-7,-7,FLL,MSP,1487,10,18,0,,0,0,0,0,0,0
2007,9,28,5,1711,1705,1820,1820,OO,3731,N581SW,69,75,54,0,6,SGU,SLC,269,3,12,0,,0,0,0,0,0,0
2007,4,19,4,829,830,1042,1042,DL,1208,N656DL,133,132,102,0,-1,ATL,EWR,745,8,23,0,,0,0,0,0,0,0
2007,3,23,5,1451,1450,1622,1620,AA,2511,N475AA,91,90,70,2,1,MCI,DAL,461,4,17,0,,0,0,0,0,0,0
2007,2,2,5,818,750,1036,1020,AA,1368,N5TTAA,138,150,121,16,28,MCO,LGA,950,6,11,0,,0,16,0,0,0,0
2007,6,26,2,1457,1450,1700,1642,XE,2045,N12135,183,172,136,18,7,RDU,IAH,1043,32,15,0,,0,0,0,11,0,7
2007,11,30,5,1937,1857,2203,2125,UA,414,N398UA,86,88,66,38,40,DEN,OKC,495,5,15,0,,0,0,0,1,0,37
2007,4,4,3,655,655,747,735,EV,4726,N637AS,52,40,33,12,0,CSG,ATL,83,9,10,0,,0,0,0,0,0,0
2007,5,5,6,936,940,1045,1041,NW,1160,N967N,69,61,38,4,-4,MEM,BNA,200,8,23,0,,0,0,0,0,0,0
2007,4,1,7,1300,1310,1510,1513,YV,7276,N47239,70,63,39,-3,-10,ORD,MBS,222,5,26,0,,0,0,0,0,0,0
2007,8,14,2,1214,1224,1327,1341,OO,6390,N756SK,73,77,58,-14,-10,SNA,SFO,372,5,10,0,,0,0,0,0,0,0
2007,2,24,6,1032,1039,1135,1147,FL,317,N924AT,63,68,41,-12,-7,CLT,ATL,227,13,9,0,,0,0,0,0,0,0
2007,6,27,3,1024,1024,1130,1141,EV,4164,N839AS,126,137,100,-11,0,ATL,ATW,765,3,23,0,,0,0,0,0,0,0
2007,10,19,5,2007,1835,2242,2105,AA,83,N362AA,275,270,255,97,92,ORD,SFO,1846,5,15,0,,0,92,0,5,0,0
2007,2,16,5,1938,1920,2017,2010,OO,6070,N233SW,39,50,26,7,18,SAN,LAX,109,1,12,0,,0,0,0,0,0,0
2007,10,20,6,639,635,732,726,EV,4483,N829AS,113,111,95,6,4,DCA,HSV,613,4,14,0,,0,0,0,0,0,0
2007,6,27,3,1226,1130,1444,1345,WN,1471,N210WN,78,75,55,59,56,SEA,BOI,399,4,19,0,,0,8,0,3,0,48
2007,8,12,7,1820,1820,1935,1935,WN,1216,N491WN,135,135,121,0,0,BDL,MDW,777,3,11,0,,0,0,0,0,0,0
2007,1,3,3,943,945,1136,1145,MQ,4027,N853AE,53,60,38,-9,-2,ORD,FNT,223,3,12,0,,0,0,0,0,0,0
2007,7,30,1,1349,1349,1554,1546,YV,2758,N77286,125,117,109,8,0,SFO,PHX,651,6,10,0,,0,0,0,0,0,0
2007,3,9,5,1200,1200,1515,1525,AA,630,N419AA,135,145,119,-10,0,DFW,MCO,984,5,11,0,,0,0,0,0,0,0
2007,9,27,4,945,950,1139,1135,AA,490,N4WYAA,114,105,77,4,-5,STL,DFW,551,26,11,0,,0,0,0,0,0,0
2007,5,24,4,1358,1329,1445,1359,OO,5525,N943SW,107,90,84,46,29,SDF,ORD,286,9,14,0,,0,0,0,0,0,46
2007,7,30,1,1932,1932,2102,2059,NW,226,N336NB,90,87,63,3,0,DTW,DCA,405,6,21,0,,0,0,0,0,0,0
2007,8,16,4,1239,1235,1517,1447,UA,221,N804UA,338,312,303,30,4,IAD,SAN,2253,3,32,0,,0,0,0,30,0,0
2007,3,8,4,1142,1145,1719,1735,AA,1436,N571AA,217,230,197,-16,-3,SEA,DFW,1660,9,11,0,,0,0,0,0,0,0
2007,2,28,3,2020,2010,2133,2110,US,1740,N592US,73,60,31,23,10,PHL,DCA,119,7,35,0,,0,0,0,13,0,10
2007,9,11,2,939,940,1033,1040,AA,1257,N416AA,174,180,154,-7,-1,DFW,PSP,1126,5,15,0,,0,0,0,0,0,0
2007,3,5,1,1312,1300,1416,1408,US,2175,N758US,64,68,47,8,12,LGA,DCA,214,2,15,0,,0,0,0,0,0,0
2007,12,11,2,1122,1120,1335,1309,OO,6765,N443SW,133,109,74,26,2,DEN,BZN,525,4,55,0,,0,26,0,0,0,0
2007,11,6,2,757,753,911,900,XE,2858,N14516,74,67,59,11,4,LRD,IAH,301,7,8,0,,0,0,0,0,0,0
2007,4,26,4,637,600,934,853,DL,661,N3760C,177,173,150,41,37,BOS,ATL,946,12,15,0,,0,37,0,4,0,0
2007,12,20,4,940,830,1119,1026,US,925,N757UW,159,176,142,53,70,DCA,MSY,969,3,14,0,,0,5,0,0,0,48
2007,2,14,3,1531,1430,1822,1735,CO,320,N69311,111,125,83,47,61,IAH,ATL,689,8,20,0,,0,47,0,0,0,0
2007,4,28,6,2150,2155,510,511,NW,338,N591NW,260,256,242,-1,-5,LAX,DTW,1979,5,13,0,,0,0,0,0,0,0
2007,10,11,4,828,833,1409,1410,DL,874,N836MH,221,217,191,-1,-5,SLC,ATL,1589,11,19,0,,0,0,0,0,0,0
2007,9,20,4,902,855,1244,1225,UA,9,N555UA,402,390,333,19,7,JFK,SFO,2586,3,66,0,,0,7,0,12,0,0
2007,4,3,2,626,625,833,845,WN,1865,N612SW,127,140,110,-12,1,BWI,MCO,787,5,12,0,,0,0,0,0,0,0
2007,4,14,6,1542,1453,1707,1610,UA,1185,N825UA,145,137,129,57,49,DEN,SAN,853,3,13,0,,0,49,0,8,0,0
2007,5,19,6,756,730,1338,1251,US,1,N629AW,222,201,192,47,26,PHX,ORD,1440,7,23,0,,0,26,0,21,0,0
2007,10,21,7,2224,2228,2308,2312,NW,237,N354NB,44,44,27,-4,-4,MSP,DLH,144,5,12,0,,0,0,0,0,0,0
2007,10,17,3,1705,1710,1820,1815,MQ,4092,N928AE,75,65,44,5,-5,ORD,EVV,273,3,28,0,,0,0,0,0,0,0
2007,1,8,1,1613,1612,1815,1820,NW,1567,N326NB,182,188,161,-5,1,EWR,MEM,946,8,13,0,,0,0,0,0,0,0
2007,6,1,5,619,600,840,820,UA,101,N815UA,261,260,234,20,19,ORD,LAX,1745,10,17,0,,0,19,0,1,0,0
2007,6,1,5,1618,1620,1814,1818,NW,1695,N378NW,116,118,82,-4,-2,RDU,DTW,501,8,26,0,,0,0,0,0,0,0
2007,10,1,1,645,645,810,820,MQ,3172,N810AE,85,95,61,-10,0,SNA,SJC,342,5,19,0,,0,0,0,0,0,0
2007,8,20,1,1538,1510,1728,1705,MQ,3806,N905JH,110,115,94,23,28,EVV,DFW,642,11,5,0,,0,0,0,0,0,23
2007,5,14,1,1340,1350,1506,1511,AS,346,N756AS,86,81,66,-5,-10,OAK,SNA,371,6,14,0,,0,0,0,0,0,0
2007,8,11,6,1852,1850,2010,2015,WN,297,N687SW,138,145,125,-5,2,ABQ,OAK,889,6,7,0,,0,0,0,0,0,0
2007,11,3,6,1325,1330,1458,1515,XE,2824,N15980,93,105,76,-17,-5,IAH,BHM,562,3,14,0,,0,0,0,0,0,0
2007,8,27,1,1503,1500,1636,1640,WN,49,N526SW,93,100,78,-4,3,MDW,LIT,544,3,12,0,,0,0,0,0,0,0
2007,11,29,4,1259,1300,1614,1640,9E,5610,86889E,135,160,106,-26,-1,MSP,ALB,979,9,20,0,,0,0,0,0,0,0
2007,2,1,4,1000,941,1131,1105,OO,5889,N773SK,151,144,136,26,19,ORF,ORD,717,7,8,0,,0,26,0,0,0,0
2007,9,22,6,1427,1430,1517,1525,WN,2584,N284WN,110,115,93,-8,-3,DEN,LAS,629,5,12,0,,0,0,0,0,0,0
2007,9,5,3,756,800,855,855,MQ,4309,N696AE,59,55,32,0,-4,ORD,CID,196,8,19,0,,0,0,0,0,0,0
2007,3,25,7,2055,2055,2220,2225,WN,1048,N718SW,85,90,72,-5,0,SAN,SMF,480,3,10,0,,0,0,0,0,0,0
2007,10,25,4,1624,1600,1859,1841,DL,521,N680DA,155,161,113,18,24,LGA,ATL,761,13,29,0,,0,13,0,0,0,5
2007,6,19,2,658,700,1041,1040,WN,1809,N401WN,163,160,131,1,-2,MCI,MCO,1072,20,12,0,,0,0,0,0,0,0
2007,3,4,7,939,945,1330,1345,HA,15,N580HA,231,240,210,-15,-6,SAN,HNL,2614,4,17,0,,0,0,0,0,0,0
2007,12,17,1,1551,1523,1805,1713,NW,697,N370NW,194,170,150,52,28,DTW,DFW,987,16,28,0,,0,18,0,24,0,10
2007,12,22,6,648,650,855,830,UA,268,N374UA,187,160,155,25,-2,PVD,ORD,849,11,21,0,,0,0,0,25,0,0
2007,10,1,1,2043,2040,2129,2130,WN,740,N791SW,46,50,34,-1,3,ORF,BWI,159,3,9,0,,0,0,0,0,0,0
2007,12,23,7,1107,930,1238,1114,US,1846,N740UW,91,104,62,84,97,CLT,PHL,448,9,20,0,,0,0,0,3,0,81
2007,4,25,3,544,545,656,655,US,1911,N591US,72,70,53,1,-1,PIT,PHL,267,4,15,0,,0,0,0,0,0,0
2007,9,8,6,957,1005,1225,1227,OO,6706,N926SW,88,82,56,-2,-8,DEN,LNK,423,3,29,0,,0,0,0,0,0,0
2007,3,12,1,1011,1015,1139,1152,DL,960,N902DE,88,97,62,-13,-4,ATL,SRQ,445,3,23,0,,0,0,0,0,0,0
2007,4,26,4,1246,1254,1518,1515,FL,395,N985AT,152,141,135,3,-8,IND,RSW,946,3,14,0,,0,0,0,0,0,0
2007,2,15,4,1522,1500,1719,1645,XE,2062,N15980,177,165,147,34,22,IND,IAH,845,12,18,0,,0,0,0,12,0,22
2007,11,13,2,1000,1000,1141,1135,AA,396,N291AA,101,95,81,6,0,DFW,STL,551,6,14,0,,0,0,0,0,0,0
2007,3,28,3,1744,1745,1842,1840,WN,735,N385SW,118,115,99,2,-1,DEN,PHX,602,5,14,0,,0,0,0,0,0,0
2007,1,23,2,624,630,858,854,DL,1776,N379DA,94,84,60,4,-6,LAS,SLC,368,5,29,0,,0,0,0,0,0,0
2007,10,12,5,705,620,945,912,9E,5827,87719E,100,112,75,33,45,DLH,DTW,541,8,17,0,,0,33,0,0,0,0
2007,10,31,3,1233,1215,1404,1355,WN,342,N779SW,91,100,77,9,18,OAK,PDX,543,4,10,0,,0,0,0,0,0,0
2007,2,20,2,1631,1630,1917,1914,DL,1584,N640DL,166,164,136,3,1,MCO,JFK,944,13,17,0,,0,0,0,0,0,0
2007,3,25,7,1325,1300,1628,1601,EV,4755,N861AS,123,121,98,27,25,HOU,ATL,696,9,16,0,,0,25,0,2,0,0
2007,2,23,5,1214,1205,1455,1430,US,972,N724UW,161,145,139,25,9,RSW,PIT,966,5,17,0,,0,9,0,16,0,0
2007,11,7,3,1703,1635,2216,2200,WN,706,N764SW,193,205,177,16,28,DEN,MCO,1545,7,9,0,,0,0,0,0,0,16
2007,8,5,7,833,840,925,934,OO,6800,N393SW,52,54,31,-9,-7,LAX,PSP,110,6,15,0,,0,0,0,0,0,0
2007,6,6,3,1815,1640,18,2305,WN,1651,N265WN,183,205,167,73,95,PHX,IND,1489,10,6,0,,0,0,0,0,0,73
2007,10,29,1,1450,1445,1533,1535,AA,1549,N633AA,163,170,144,-2,5,DFW,LAS,1055,5,14,0,,0,0,0,0,0,0
2007,12,27,4,2133,2135,2352,2339,DL,1423,N399DA,319,304,276,13,-2,ATL,LAX,1946,14,29,0,,0,0,0,0,0,0
2007,2,11,7,1313,1315,1515,1520,WN,2369,N270WN,242,245,230,-5,-2,BWI,DEN,1491,4,8,0,,0,0,0,0,0,0
2007,7,27,5,53,2320,649,520,AA,1264,N524AA,236,240,213,89,93,LAX,ORD,1745,6,17,0,,0,89,0,0,0,0
2007,5,14,1,657,655,901,917,AS,252,N617AS,124,142,110,-16,2,PDX,LAX,834,6,8,0,,0,0,0,0,0,0
2007,3,25,7,2139,2140,2335,2327,NW,1481,N334NB,176,167,147,8,-1,MSP,MSO,1013,7,22,0,,0,0,0,0,0,0
2007,10,3,3,1151,1158,1314,1316,YV,7095,N434YV,83,78,60,-2,-7,DRO,DEN,251,8,15,0,,0,0,0,0,0,0
2007,7,4,3,1043,1045,1158,1210,WN,1572,N623SW,75,85,61,-12,-2,SAN,OAK,446,5,9,0,,0,0,0,0,0,0
2007,1,31,3,2013,1915,2143,2040,AA,539,N4YMAA,150,145,127,63,58,IND,DFW,762,14,9,0,,0,0,9,5,0,49
2007,3,25,7,1108,1112,1333,1345,AS,630,N779AS,145,153,123,-12,-4,SEA,LAS,866,8,14,0,,0,0,0,0,0,0
2007,9,29,6,1540,1545,1701,1713,FL,744,N328AT,81,88,62,-12,-5,ATL,MCO,403,7,12,0,,0,0,0,0,0,0
2007,2,14,3,929,932,1105,1104,OO,3909,N445SW,96,92,70,1,-3,SLC,MSO,436,10,16,0,,0,0,0,0,0,0
2007,6,22,5,1013,1010,1122,1130,AA,1657,N3BXAA,129,140,104,-8,3,ATL,DFW,732,5,20,0,,0,0,0,0,0,0
2007,3,29,4,1355,1400,1421,1435,MQ,4344,N628AE,86,95,72,-14,-5,PIT,ORD,412,6,8,0,,0,0,0,0,0,0
2007,7,8,7,555,600,915,910,EV,4780,N901EV,140,130,114,5,-5,ICT,ATL,781,16,10,0,,0,0,0,0,0,0
2007,12,5,3,1718,1710,1855,1850,9E,4760,84239E,97,100,75,5,8,IND,RDU,489,3,19,0,,0,0,0,0,0,0
2007,5,10,4,1102,1105,1154,1229,US,75,N833AW,232,264,215,-35,-3,ATL,PHX,1587,6,11,0,,0,0,0,0,0,0
2007,5,31,4,1545,1555,1825,1844,US,1898,N419US,160,169,141,-19,-10,MIA,PHL,1013,5,14,0,,0,0,0,0,0,0
2007,5,6,7,921,910,1223,1210,WN,845,N219WN,182,180,171,13,11,TPA,MHT,1204,4,7,0,,0,0,0,0,0,0
2007,10,24,3,615,620,822,823,OH,5182,N588SW,127,123,88,-1,-5,RDU,BOS,612,22,17,0,,0,0,0,0,0,0
2007,5,14,1,1946,1950,2139,2155,WN,1830,N419WN,113,125,102,-16,-4,BNA,AUS,756,4,7,0,,0,0,0,0,0,0
2007,7,11,3,853,900,1002,1014,US,2120,N769US,69,74,37,-12,-7,LGA,BOS,185,7,25,0,,0,0,0,0,0,0
2007,12,11,2,1641,1643,1819,1817,FL,415,N287AT,98,94,77,2,-2,ATL,IND,432,7,14,0,,0,0,0,0,0,0
2007,6,9,6,1301,1305,1703,1700,NW,594,N503US,182,175,155,3,-4,MSP,BOS,1124,11,16,0,,0,0,0,0,0,0
2007,8,10,5,1519,1455,1637,1620,WN,328,N769SW,78,85,67,17,24,OAK,LAS,407,3,8,0,,0,5,0,0,0,12
2007,9,14,5,1727,1730,2006,2018,B6,394,N593JB,159,168,139,-12,-3,MCO,LGA,950,5,15,0,,0,0,0,0,0,0
2007,3,5,1,829,830,1454,1448,US,1190,N700UW,265,258,238,6,-1,PHX,PHL,2075,14,13,0,,0,0,0,0,0,0
2007,3,8,4,1800,1730,2003,1945,MQ,4647,N820AE,183,195,170,18,30,RDU,AUS,1162,4,9,0,,0,0,0,7,0,11
2007,3,29,4,800,730,1014,1004,OH,5677,N920CA,134,154,113,10,30,BOS,CVG,752,3,18,0,,0,0,0,0,0,0
2007,7,9,1,1954,1945,2254,2301,DL,1214,N953DL,180,196,158,-7,9,FLL,BOS,1237,9,13,0,,0,0,0,0,0,0
2007,6,28,4,1023,935,1650,1605,US,460,N668AW,207,210,186,45,48,PHX,IND,1489,12,9,0,,0,0,0,5,0,40
2007,7,1,7,1312,1305,1403,1400,WN,2705,N502SW,51,55,42,3,7,SAT,DAL,248,4,5,0,,0,0,0,0,0,0
2007,5,18,5,2355,2359,443,442,YV,2875,N17231,168,163,136,1,-4,LAS,SAT,1069,3,29,0,,0,0,0,0,0,0
2007,3,19,1,1145,1120,1242,1220,WN,15,N656SW,57,60,44,22,25,HOU,HRL,276,2,11,0,,0,3,0,0,0,19
2007,11,3,6,1941,1950,2201,2226,US,1947,N737US,140,156,126,-25,-9,DCA,FLL,899,3,11,0,,0,0,0,0,0,0
2007,4,28,6,1155,1200,1259,1309,DL,1657,N918DL,64,69,47,-10,-5,JAX,ATL,270,6,11,0,,0,0,0,0,0,0
2007,9,10,1,1155,1205,1416,1419,OH,5441,N446CA,81,74,57,-3,-10,STL,CVG,307,2,22,0,,0,0,0,0,0,0
2007,8,11,6,1818,1800,2024,2035,WN,1683,N444WN,306,335,278,-11,18,PHL,LAS,2176,6,22,0,,0,0,0,0,0,0
2007,10,12,5,1159,1200,1312,1315,WN,776,N737JW,193,195,179,-3,-1,HOU,LAS,1235,6,8,0,,0,0,0,0,0,0
2007,5,6,7,1217,1200,1414,1344,NW,1562,N365NB,117,104,95,30,17,SAT,MEM,625,8,14,0,,0,0,0,13,0,17
2007,9,6,4,1742,1747,1851,1859,US,756,N451UW,69,72,57,-8,-5,CLT,DCA,331,4,8,0,,0,0,0,0,0,0
2007,5,9,3,642,648,825,837,OO,6827,N925SW,43,49,26,-12,-6,ORD,AZO,122,3,14,0,,0,0,0,0,0,0
2007,12,13,4,1731,1720,2024,1945,FL,658,N951AT,173,145,144,39,11,ATL,HPN,780,10,19,0,,0,11,0,28,0,0
2007,4,21,6,1149,1155,1244,1255,MQ,3400,N685AE,55,60,46,-11,-6,SAT,DAL,248,2,7,0,,0,0,0,0,0,0
2007,11,9,5,557,600,804,811,EV,4454,N854AS,67,71,50,-7,-3,MOB,ATL,302,7,10,0,,0,0,0,0,0,0
2007,7,14,6,1131,1115,1330,1315,MQ,4495,N674RJ,59,60,45,15,16,ORD,TVC,224,2,12,0,,0,9,0,0,0,6
2007,7,27,5,1745,1745,2115,2100,F9,541,N901FR,150,135,121,15,0,DEN,MDW,895,4,25,0,,0,0,0,15,0,0
2007,4,23,1,1806,1745,1926,1910,WN,54,N387SW,140,145,122,16,21,JAX,HOU,816,5,13,0,,0,2,0,0,0,14
2007,4,29,7,824,835,1146,1215,MQ,4821,N737MW,142,160,133,-29,-11,DSM,LGA,1031,4,5,0,,0,0,0,0,0,0
2007,2,20,2,2103,2052,2246,2304,DL,1572,N388DA,223,252,207,-18,11,CVG,PHX,1569,5,11,0,,0,0,0,0,0,0
2007,3,22,4,1537,1544,1641,1640,FL,615,N284AT,124,116,91,1,-7,ATL,MDW,590,15,18,0,,0,0,0,0,0,0
2007,7,10,2,940,855,1214,1120,NW,690,N785NC,94,85,60,54,45,MEM,IND,381,10,24,0,,0,45,0,9,0,0
2007,2,18,7,1530,1540,1806,1812,NW,1637,N338NB,96,92,69,-6,-10,RAP,MSP,490,12,15,0,,0,0,0,0,0,0
2007,2,1,4,1253,1255,1350,1400,WN,1729,N460WN,57,65,48,-10,-2,OAK,BUR,325,1,8,0,,0,0,0,0,0,0
2007,5,24,4,2121,1827,2305,2000,UA,191,N903UA,104,93,54,185,174,ORD,MSP,334,7,43,0,,0,0,8,11,0,166
2007,3,23,5,633,635,915,910,MQ,3386,N805AE,162,155,132,5,-2,MSN,DFW,821,13,17,0,,0,0,0,0,0,0
2007,4,3,2,726,725,829,830,WN,537,N678AA,63,65,48,-1,1,TUL,STL,351,8,7,0,,0,0,0,0,0,0
2007,10,5,5,1347,1345,1557,1555,WN,1225,N235WN,70,70,58,2,2,MDW,CLE,307,3,9,0,,0,0,0,0,0,0
2007,1,30,2,844,845,1206,1206,CO,1626,N27213,382,381,333,0,-1,EWR,SAN,2425,3,46,0,,0,0,0,0,0,0
2007,12,9,7,1623,1555,1715,1655,WN,3771,N766SW,52,60,42,20,28,BWI,ISP,220,3,7,0,,0,14,0,0,0,6
2007,11,23,5,2151,2155,2144,2148,DL,1087,N904DE,53,53,31,-4,-4,ATL,BHM,134,5,17,0,,0,0,0,0,0,0
2007,2,3,6,1121,1120,1252,1250,9E,5627,84959E,91,90,65,2,1,MSP,BIS,386,7,19,0,,0,0,0,0,0,0
2007,1,30,2,1326,1330,1433,1440,MQ,3121,N851AE,67,70,53,-7,-4,LAX,SJC,308,3,11,0,,0,0,0,0,0,0
2007,6,7,4,1958,2000,2148,2115,US,2186,N751UW,110,75,41,33,-2,DCA,LGA,214,8,61,0,,0,0,0,33,0,0
2007,2,6,2,1503,1505,1627,1631,US,433,N802AW,84,86,59,-4,-2,ABQ,PHX,328,9,16,0,,0,0,0,0,0,0
2007,9,25,2,1844,1840,2100,2101,AS,176,N614AS,136,141,117,-1,4,SEA,BUR,937,3,16,0,,0,0,0,0,0,0
2007,5,4,5,1735,1440,1930,1647,XE,2632,N18982,115,127,102,163,175,IAH,STL,668,4,9,0,,0,0,163,0,0,0
2007,9,28,5,1554,1555,1803,1820,WN,347,N397SW,129,145,115,-17,-1,LAS,GEG,806,3,11,0,,0,0,0,0,0,0
2007,4,16,1,1201,1155,1323,1320,WN,1586,N313SW,82,85,72,3,6,SMF,PDX,479,2,8,0,,0,0,0,0,0,0
2007,8,8,3,1756,1725,2004,1930,AA,1745,N3BLAA,128,125,82,34,31,ATL,MIA,595,9,37,0,,0,0,0,3,0,31
2007,1,11,4,1129,1130,1704,1720,AA,1974,N3BMAA,215,230,194,-16,-1,LAX,BNA,1797,6,15,0,,0,0,0,0,0,0
2007,5,23,3,1108,1115,1209,1220,MQ,3213,N340RC,61,65,43,-11,-7,DFW,CLL,164,4,14,0,,0,0,0,0,0,0
2007,8,15,3,2221,2229,550,618,FL,52,N287AT,269,289,254,-28,-8,SFO,ATL,2139,7,8,0,,0,0,0,0,0,0
2007,8,18,6,926,905,1203,1145,WN,796,N673AA,97,100,85,18,21,BNA,BWI,588,3,9,0,,0,7,0,0,0,11
2007,7,14,6,855,905,1003,1009,OO,5727,N579SW,68,64,47,-6,-10,MFR,PDX,222,3,18,0,,0,0,0,0,0,0
2007,12,26,3,805,745,935,930,WN,1586,N468WN,150,165,135,5,20,STL,ABQ,934,5,10,0,,0,0,0,0,0,0
2007,6,3,7,1720,1715,2020,2010,XE,2427,N14977,180,175,155,10,5,MKE,IAH,984,11,14,0,,0,0,0,0,0,0
2007,7,31,2,703,706,757,759,OO,5591,N295SW,54,53,37,-2,-3,FAT,SFO,158,7,10,0,,0,0,0,0,0,0
2007,8,18,6,1704,1705,1837,1849,NW,536,N341NW,93,104,70,-12,-1,DTW,LGA,501,13,10,0,,0,0,0,0,0,0
2007,7,7,6,924,935,1022,1035,MQ,4688,N812AE,58,60,41,-13,-11,DCA,RDU,227,9,8,0,,0,0,0,0,0,0
2007,9,11,2,1759,1802,2009,2020,NW,1416,N922RW,70,78,49,-11,-3,MDW,DTW,229,6,15,0,,0,0,0,0,0,0
2007,9,16,7,643,645,911,918,F9,815,N916FR,88,93,72,-7,-2,DEN,MCI,533,4,12,0,,0,0,0,0,0,0
2007,1,5,5,941,935,1221,1154,US,1143,N518AU,220,199,187,27,6,PHL,MSY,1088,9,24,0,,0,0,0,27,0,0
2007,4,29,7,1914,1920,2056,2056,NW,1461,N759NW,102,96,69,0,-6,MSP,STL,449,7,26,0,,0,0,0,0,0,0
2007,6,25,1,1555,1540,1715,1659,OH,5042,N709CA,80,79,47,16,15,SYR,JFK,209,21,12,0,,0,15,0,1,0,0
2007,11,17,6,1544,1548,1645,1652,UA,723,N801UA,121,124,96,-7,-4,DFW,DEN,641,6,19,0,,0,0,0,0,0,0
2007,8,27,1,743,745,1321,1323,DL,828,N682DA,218,218,191,-2,-2,JAC,ATL,1572,10,17,0,,0,0,0,0,0,0
2007,12,12,3,1848,1845,1,2355,AA,2426,N201AA,193,190,180,6,3,SJC,DFW,1438,3,10,0,,0,0,0,0,0,0
2007,4,14,6,1639,1535,1954,1850,AA,1062,N408AA,135,135,116,64,64,STL,MCO,880,4,15,0,,0,0,0,0,0,64
2007,2,14,3,1446,1445,1532,1540,WN,1879,N490WN,46,55,35,-8,1,RNO,OAK,180,5,6,0,,0,0,0,0,0,0
2007,8,17,5,854,835,1057,1035,US,1575,N527AU,123,120,93,22,19,DCA,JAX,634,5,25,0,,0,19,0,3,0,0
2007,1,14,7,1722,1610,2003,1910,FL,811,N959AT,161,180,142,53,72,MCO,BOS,1121,6,13,0,,0,0,0,53,0,0
2007,10,12,5,709,710,848,833,OO,3704,N236SW,99,83,66,15,-1,SLC,SGU,269,7,26,0,,0,15,0,0,0,0
2007,1,29,1,1458,1500,1540,1550,WN,886,N731,102,110,92,-10,-2,DAL,ABQ,580,4,6,0,,0,0,0,0,0,0
2007,4,16,1,2145,2050,2259,2211,FL,421,N935AT,74,81,60,48,55,BWI,BOS,370,6,8,0,,0,0,0,0,0,48
2007,8,1,3,1905,1810,2026,1950,US,1753,N917UW,81,100,70,36,55,CLT,TPA,508,3,8,0,,0,0,0,0,0,36
2007,7,25,3,2108,2105,2314,2230,DL,1739,N123DN,126,85,57,44,3,ATL,MCO,403,6,63,0,,0,0,0,44,0,0
2007,3,20,2,1236,1215,1427,1420,WN,2501,N208WN,51,65,39,7,21,MDW,CMH,284,3,9,0,,0,0,0,0,0,0
2007,6,10,7,1012,1015,1123,1135,WN,535,N511SW,71,80,60,-12,-3,MCI,MDW,405,5,6,0,,0,0,0,0,0,0
2007,9,21,5,835,640,955,809,OH,5671,N786CA,80,89,53,106,115,GSO,CVG,330,9,18,0,,0,106,0,0,0,0
2007,10,6,6,2110,2115,2144,2144,AQ,70,N828AL,34,29,27,0,-5,LIH,HNL,102,4,3,0,,0,0,0,0,0,0
2007,11,2,5,830,830,1138,1150,OH,5124,N692CA,128,140,105,-12,0,AUS,ATL,813,9,14,0,,0,0,0,0,0,0
2007,6,23,6,1610,1615,1703,1715,WN,2329,N258WN,53,60,43,-12,-5,BOI,SLC,291,3,7,0,,0,0,0,0,0,0
2007,4,16,1,1001,1000,1116,1125,WN,82,N495WN,75,85,60,-9,1,SMF,LAX,373,9,6,0,,0,0,0,0,0,0
2007,4,1,7,1640,1645,1929,1920,US,1928,N742PS,169,155,149,9,-5,RSW,PHL,992,11,9,0,,0,0,0,0,0,0
2007,8,22,3,635,640,915,925,AS,100,N708AS,160,165,141,-10,-5,PDX,PHX,1009,5,14,0,,0,0,0,0,0,0
2007,8,4,6,1226,1230,1450,1510,WN,2203,N260WN,144,160,128,-20,-4,PBI,PHL,951,5,11,0,,0,0,0,0,0,0
2007,12,29,6,840,845,955,1015,UA,1580,N496UA,75,90,58,-20,-5,SFO,LAS,414,6,11,0,,0,0,0,0,0,0
2007,10,17,3,2154,2150,2152,2143,EV,4452,N860AS,58,53,32,9,4,ATL,DHN,171,3,23,0,,0,0,0,0,0,0
2007,12,31,1,1807,1630,2059,1940,AA,358,N479AA,112,130,89,79,97,ORD,LGA,733,5,18,0,,0,0,16,13,0,50
2007,8,10,5,1230,1230,1326,1335,MQ,3967,N611AE,56,65,43,-9,0,ORD,EVV,273,3,10,0,,0,0,0,0,0,0
2007,3,16,5,1118,1100,1724,1700,AA,1844,N564AA,246,240,224,24,18,SAN,ORD,1723,3,19,0,,0,1,0,6,0,17
2007,12,5,3,1454,1330,2218,2035,HA,38,N591HA,324,305,293,103,84,OGG,SAN,2541,19,12,0,,0,0,0,0,0,103
2007,1,2,2,707,700,819,821,NW,138,N764NC,72,81,50,-2,7,MSP,ORD,334,5,17,0,,0,0,0,0,0,0
2007,11,29,4,1016,1020,1147,1145,XE,2103,N14945,91,85,70,2,-4,OKC,IAH,395,10,11,0,,0,0,0,0,0,0
2007,10,18,4,1630,1427,1809,1521,OO,5955,N909SW,99,54,28,168,123,PIA,ORD,130,4,67,0,,0,0,0,168,0,0
2007,2,2,5,1624,1625,1938,1945,DL,1865,N949DL,194,200,164,-7,-1,JFK,FLL,1069,6,24,0,,0,0,0,0,0,0
2007,10,22,1,900,900,1045,1040,B6,1253,N229JB,105,100,71,5,0,BOS,IAD,413,4,30,0,,0,0,0,0,0,0
2007,7,10,2,1338,1325,1626,1615,F9,839,N931FR,108,110,81,11,13,DEN,DFW,641,13,14,0,,0,0,0,0,0,0
2007,8,26,7,551,600,642,654,OO,1975,N814SK,51,54,27,-12,-9,GSP,ATL,153,6,18,0,,0,0,0,0,0,0
2007,5,3,4,740,735,1030,1020,WN,1972,N462WN,110,105,94,10,5,PDX,SLC,630,5,11,0,,0,0,0,0,0,0
2007,2,2,5,1902,1659,2103,1845,9E,2999,85549E,181,166,145,138,123,DCA,DSM,897,6,30,0,,0,123,0,15,0,0
2007,3,7,3,950,942,1205,1141,EV,4553,N842AS,135,119,98,24,8,DTW,ATL,594,6,31,0,,0,8,0,16,0,0
2007,6,23,6,1928,1929,2251,2300,OO,3946,N406SW,143,151,121,-9,-1,SLC,TUL,926,4,18,0,,0,0,0,0,0,0
2007,7,1,7,2151,1955,2348,2144,DL,1658,N934DL,117,109,93,124,116,PBI,ATL,545,11,13,0,,0,0,0,124,0,0
2007,4,13,5,950,950,1000,1010,WN,1165,N767SW,70,80,56,-10,0,ABQ,PHX,328,5,9,0,,0,0,0,0,0,0
2007,11,15,4,658,700,810,825,WN,2262,N642WN,132,145,116,-15,-2,ALB,MDW,717,4,12,0,,0,0,0,0,0,0
2007,9,10,1,1100,1100,1423,1405,AA,15,N320AA,383,365,342,18,0,JFK,SFO,2586,11,30,0,,0,0,0,18,0,0
2007,4,23,1,2258,2258,2358,18,YV,2830,N942LR,60,80,45,-20,0,LAS,TUS,365,5,10,0,,0,0,0,0,0,0
2007,7,24,2,557,600,719,730,FL,132,N928AT,82,90,64,-11,-3,TPA,ATL,406,7,11,0,,0,0,0,0,0,0
2007,5,19,6,606,610,727,731,US,981,N721UW,81,81,58,-4,-4,BDL,DCA,313,5,18,0,,0,0,0,0,0,0
2007,1,7,7,1432,1438,1703,1715,AS,596,N705AS,151,157,135,-12,-6,SEA,SNA,978,4,12,0,,0,0,0,0,0,0
2007,11,25,7,1543,1545,1818,1836,UA,206,N648UA,95,111,71,-18,-2,ORD,IAD,589,5,19,0,,0,0,0,0,0,0
2007,4,20,5,1122,1125,1253,1252,9E,5731,80219E,91,87,69,1,-3,ICT,MEM,453,7,15,0,,0,0,0,0,0,0
2007,4,5,4,1410,1421,1511,1536,OO,6188,N569SW,61,75,49,-25,-11,BFL,SFO,238,4,8,0,,0,0,0,0,0,0
2007,12,5,3,1524,1424,1657,1545,YV,7240,N519LR,93,81,64,72,60,SYR,IAD,296,8,21,0,,0,0,0,0,0,72
2007,9,25,2,944,945,1103,1120,WN,680,N452WN,79,95,69,-17,-1,SAN,RNO,488,3,7,0,,0,0,0,0,0,0
2007,12,6,4,1827,1752,1950,1930,OO,6077,N915SW,83,98,63,20,35,SGF,ORD,438,11,9,0,,0,0,0,20,0,0
2007,4,19,4,1332,1336,1723,1739,OO,4050,N340CA,171,183,151,-16,-4,SLC,IAH,1195,4,16,0,,0,0,0,0,0,0
2007,1,13,6,1206,1208,1318,1328,US,476,N322AW,72,80,56,-10,-2,ABQ,PHX,328,6,10,0,,0,0,0,0,0,0
2007,4,14,6,811,810,918,920,WN,429,N646SW,67,70,50,-2,1,ONT,PHX,325,4,13,0,,0,0,0,0,0,0
2007,7,12,4,640,640,705,705,WN,212,N763SW,85,85,69,0,0,ABQ,LAS,487,4,12,0,,0,0,0,0,0,0
2007,7,17,2,1347,1350,1856,1900,AA,2448,N386AA,189,190,153,-4,-3,LAX,DFW,1235,10,26,0,,0,0,0,0,0,0
2007,2,14,3,1807,1653,1840,1735,EV,4402,N980EV,93,102,75,65,74,ATL,MLU,448,4,14,0,,0,65,0,0,0,0
2007,1,15,1,1654,1535,1855,1720,AA,1902,N498AA,121,105,91,95,79,MCI,DFW,460,17,13,0,,0,0,0,16,0,79
2007,8,9,4,516,520,920,929,XE,2333,N12136,184,189,164,-9,-4,SLC,IAH,1195,7,13,0,,0,0,0,0,0,0
2007,7,28,6,830,835,910,926,EV,4725,N881AS,40,51,28,-16,-5,MCN,ATL,79,12,0,0,,0,0,0,0,0,0
2007,4,14,6,1317,1300,1526,1514,US,1830,N505AU,129,134,111,12,17,MCO,PIT,834,5,13,0,,0,0,0,0,0,0
2007,1,23,2,1400,1357,1700,1710,CO,1500,N12109,180,193,149,-10,3,FLL,EWR,1065,11,20,0,,0,0,0,0,0,0
2007,6,3,7,1631,1630,1712,1720,WN,907,N420WN,41,50,32,-8,1,TPA,PBI,174,2,7,0,,0,0,0,0,0,0
2007,2,4,7,927,932,1023,1021,EV,4284,N973EV,116,109,93,2,-5,ATL,PIA,564,3,20,0,,0,0,0,0,0,0
2007,8,13,1,1248,1245,1356,1358,US,1194,N703UW,68,73,53,-2,3,SAN,PHX,304,5,10,0,,0,0,0,0,0,0
2007,12,7,5,930,930,1114,1045,OH,5671,N926CA,164,135,126,29,0,CVG,FSD,701,5,33,0,,0,0,0,29,0,0
2007,6,23,6,1225,1225,1257,1302,HA,164,N485HA,32,37,20,-5,0,HNL,OGG,100,3,9,0,,0,0,0,0,0,0
2007,8,21,2,1956,1922,2306,2218,US,78,N629AW,190,176,162,48,34,PHX,SEA,1107,10,18,0,,0,34,0,14,0,0
2007,7,26,4,1241,1224,1536,1535,DL,78,N989DL,175,191,144,1,17,MIA,JFK,1090,13,18,0,,0,0,0,0,0,0
2007,2,2,5,1420,1330,1512,1425,WN,30,N682,52,55,39,47,50,HOU,DAL,239,2,11,0,,0,4,0,0,0,43
2007,6,18,1,1646,1610,2136,1948,AA,510,N560AA,230,158,143,108,36,DFW,RDU,1062,4,83,0,,0,27,0,72,0,9
2007,11,22,4,1210,1220,1320,1337,XE,2981,N15527,70,77,55,-17,-10,BRO,IAH,308,7,8,0,,0,0,0,0,0,0
2007,9,30,7,725,730,837,851,FL,622,N894AT,72,81,55,-14,-5,BOS,PHL,280,4,13,0,,0,0,0,0,0,0
2007,5,27,7,1147,1016,1244,1100,OO,6382,N965SW,117,104,97,104,91,BOI,SFO,522,8,12,0,,0,0,0,104,0,0
2007,5,27,7,930,930,1050,1045,US,685,N673AW,80,75,48,5,0,SAN,PHX,304,18,14,0,,0,0,0,0,0,0
2007,9,11,2,614,620,1100,1058,CO,561,N15710,226,218,202,2,-6,SAT,EWR,1569,7,17,0,,0,0,0,0,0,0
2007,8,1,3,1056,1055,1303,1315,B6,1248,N236JB,127,140,105,-12,1,CLT,BOS,728,6,16,0,,0,0,0,0,0,0
2007,7,24,2,1148,1155,1349,1405,OO,6399,N965SW,121,130,102,-16,-7,DEN,FCA,753,4,15,0,,0,0,0,0,0,0
2007,9,28,5,1507,1300,1546,1335,AA,1985,N5CXAA,39,35,16,131,127,SJU,STT,68,4,19,0,,0,14,0,4,0,113
2007,9,11,2,1409,1416,1506,1521,DL,1149,N906DL,117,125,98,-15,-7,ATL,HOU,696,3,16,0,,0,0,0,0,0,0
2007,1,26,5,922,925,1025,1030,MQ,4201,N846AE,63,65,49,-5,-3,ORD,LSE,215,2,12,0,,0,0,0,0,0,0
2007,9,20,4,1244,1245,1521,1520,XE,2656,N12957,157,155,135,1,-1,IAH,MKE,984,4,18,0,,0,0,0,0,0,0
2007,9,23,7,1832,1840,2215,2220,AA,436,N3CNAA,163,160,143,-5,-8,DFW,FLL,1119,4,16,0,,0,0,0,0,0,0
2007,7,5,4,630,630,918,937,UA,5,N505UA,348,367,329,-19,0,JFK,SFO,2586,6,13,0,,0,0,0,0,0,0
2007,9,10,1,712,638,817,743,9E,3767,88889E,65,65,39,34,34,CAK,DTW,133,8,18,0,,0,34,0,0,0,0
2007,3,25,7,2116,2111,2241,2222,NW,1143,N670MC,85,71,42,19,5,DTW,IND,231,17,26,0,,0,0,0,19,0,0
2007,2,10,6,1936,1940,2028,2040,WN,1524,N683,52,60,30,-12,-4,FLL,MCO,178,4,18,0,,0,0,0,0,0,0
2007,4,18,3,816,816,905,905,YV,7286,N75995,49,49,26,0,0,IAD,MDT,94,3,20,0,,0,0,0,0,0,0
2007,9,11,2,1706,1720,1958,2012,OO,3865,N441SW,112,112,92,-14,-14,SJC,SLC,585,6,14,0,,0,0,0,0,0,0
2007,6,27,3,1811,810,2036,1011,US,1062,N721UW,145,121,93,625,601,SYR,CLT,603,9,43,0,,0,1,0,24,0,600
2007,1,12,5,754,800,935,939,DL,1461,N632DL,101,99,66,-4,-6,TPA,ATL,406,16,19,0,,0,0,0,0,0,0
2007,6,29,5,922,925,1240,1210,9E,5717,87099E,138,105,84,30,-3,MEM,GSO,570,38,16,0,,0,0,0,30,0,0
2007,11,25,7,1218,1200,1325,1311,UA,359,N810UA,67,71,50,14,18,ORD,DSM,299,5,12,0,,0,0,0,0,0,0
2007,3,11,7,856,855,1751,1705,B6,204,N520JB,535,490,509,46,1,LGB,JFK,2465,5,21,0,,0,0,0,46,0,0
2007,3,25,7,1058,1101,1913,1835,DL,412,N3766,315,274,266,38,-3,PHX,JFK,2153,31,18,0,,0,0,0,38,0,0
2007,1,25,4,1555,1555,1702,1705,WN,2089,N404,67,70,56,-3,0,ISP,BWI,220,2,9,0,,0,0,0,0,0,0
2007,11,13,2,1605,1605,1936,1935,WN,832,N435WN,151,150,124,1,0,SAT,MCO,1040,8,19,0,,0,0,0,0,0,0
2007,6,19,2,802,810,943,945,CO,1406,N16339,161,155,131,-2,-8,FLL,IAH,965,5,25,0,,0,0,0,0,0,0
2007,2,11,7,721,725,941,953,UA,1403,N447UA,260,268,243,-12,-4,MIA,DEN,1709,4,13,0,,0,0,0,0,0,0
2007,8,11,6,700,705,815,813,NW,1741,N603NW,75,68,47,2,-5,MSP,OMA,282,6,22,0,,0,0,0,0,0,0
2007,8,29,3,1436,1425,1436,1435,WN,49,N514SW,60,70,50,1,11,DTW,MDW,229,4,6,0,,0,0,0,0,0,0
2007,5,12,6,835,835,938,927,OO,4002,N614SK,123,112,94,11,0,SLC,SAN,626,3,26,0,,0,0,0,0,0,0
2007,8,25,6,728,735,1034,1040,AA,1660,N4WYAA,126,125,105,-6,-7,DFW,IND,762,8,13,0,,0,0,0,0,0,0
2007,10,10,3,825,815,938,925,F9,333,N807FR,73,70,53,13,10,DEN,ABQ,349,7,13,0,,0,0,0,0,0,0
2007,7,24,2,1024,1030,1117,1135,XE,3111,N13978,53,65,40,-18,-6,DAL,IAH,217,5,8,0,,0,0,0,0,0,0
2007,4,11,3,837,840,1129,1120,9E,5729,89729E,112,100,69,9,-3,MEM,CMH,518,5,38,0,,0,0,0,0,0,0
2007,3,20,2,1216,1219,1435,1435,DL,1631,N952DL,79,76,51,0,-3,MEM,ATL,332,15,13,0,,0,0,0,0,0,0
2007,9,27,4,2141,2041,2349,2258,EV,4932,N750EV,128,137,109,51,60,ATL,ALB,852,3,16,0,,0,0,0,0,0,51
2007,8,26,7,1728,1730,2103,2109,XE,3121,N15980,155,159,128,-6,-2,IAH,CLT,913,11,16,0,,0,0,0,0,0,0
2007,8,3,5,1629,1500,1946,1815,DL,1,N949DL,197,195,152,91,89,FLL,JFK,1069,18,27,0,,0,88,0,2,0,1
2007,12,25,2,1213,1215,1327,1335,WN,1916,N525SW,74,80,60,-8,-2,MCI,MDW,405,5,9,0,,0,0,0,0,0,0
2007,9,11,2,1931,1825,2031,1933,US,1569,N589US,60,68,25,58,66,PHL,BWI,90,5,30,0,,0,9,0,0,0,49
2007,5,31,4,625,625,717,725,WN,2691,N200WN,52,60,41,-8,0,BOI,SLC,291,3,8,0,,0,0,0,0,0,0
2007,11,2,5,1508,1505,1553,1556,OO,3819,N460SW,45,51,35,-3,3,IDA,SLC,188,4,6,0,,0,0,0,0,0,0
2007,5,6,7,1945,1915,2245,2155,US,839,N183UW,180,160,152,50,30,FLL,PHL,992,5,23,0,,0,0,0,20,0,30
2007,5,25,5,1919,1910,2056,2025,AA,1798,N561AA,97,75,79,31,9,LAX,SFO,337,4,14,0,,0,8,0,22,0,1
2007,5,31,4,1317,1320,1651,1645,AA,576,N587AA,154,145,132,6,-3,STL,LGA,887,10,12,0,,0,0,0,0,0,0
2007,5,30,3,1139,1140,1402,1408,B6,56,N584JB,143,148,126,-6,-1,MCO,JFK,944,6,11,0,,0,0,0,0,0,0
2007,8,26,7,857,900,1024,1015,XE,2182,N41104,87,75,59,9,-3,ACK,EWR,218,7,21,0,,0,0,0,0,0,0
2007,5,22,2,600,600,742,807,EV,4499,N934EV,102,127,92,-25,0,ABE,ATL,692,6,4,0,,0,0,0,0,0,0
2007,3,28,3,639,640,818,825,WN,300,N496WN,99,105,87,-7,-1,BHM,MDW,570,4,8,0,,0,0,0,0,0,0
2007,7,6,5,1240,1220,1357,1348,UA,311,N854UA,77,88,61,9,20,SFO,SNA,372,5,11,0,,0,0,0,0,0,0
2007,7,10,2,635,640,714,735,WN,1010,N484WN,99,115,84,-21,-5,IAD,MDW,577,5,10,0,,0,0,0,0,0,0
2007,11,22,4,927,855,1037,955,CO,1857,N16301,130,120,99,42,32,IAH,ELP,667,8,23,0,,0,32,0,10,0,0
2007,2,15,4,2010,1945,2152,2119,OH,5452,N868CA,102,94,70,33,25,CVG,ABE,503,4,28,0,,0,25,0,8,0,0
2007,6,18,1,1749,1750,2235,2254,NW,168,N590NW,166,184,150,-19,-1,SEA,MSP,1399,6,10,0,,0,0,0,0,0,0
2007,6,14,4,1738,1720,1831,1813,UA,1491,N408UA,113,113,89,18,18,DEN,LAS,629,6,18,0,,0,18,0,0,0,0
2007,3,30,5,1811,1730,2136,2045,WN,2339,N743SW,145,135,130,51,41,DEN,HOU,883,6,9,0,,0,12,0,10,0,29
2007,8,2,4,953,912,1239,1159,EV,4147,N724EV,166,167,129,40,41,ATL,PWM,1027,3,34,0,,0,0,0,40,0,0
2007,8,21,2,1930,1930,2256,2306,UA,1418,N481UA,146,156,132,-10,0,DEN,MSY,1062,4,10,0,,0,0,0,0,0,0
2007,11,8,4,2238,1950,35,2204,YV,7282,N511MJ,117,134,92,151,168,ORD,OKC,693,6,19,0,,0,0,0,0,0,151
2007,2,14,3,1641,1626,1925,1850,OO,4065,N804SK,224,204,204,35,15,MSY,SLC,1428,8,12,0,,0,0,0,0,0,35
2007,1,27,6,1441,1336,1711,1608,DL,1268,N920DE,150,152,132,63,65,CVG,FLL,932,4,14,0,,0,0,0,0,0,63
2007,1,8,1,822,825,1036,1038,XE,3155,N16987,74,73,56,-2,-3,MDW,CLE,307,5,13,0,,0,0,0,0,0,0
2007,1,17,3,1312,1309,2020,2048,UA,236,N587UA,248,279,227,-28,3,SAN,IAD,2253,6,15,0,,0,0,0,0,0,0
2007,1,2,2,1749,1755,2125,2124,NW,674,N314NB,156,149,125,1,-6,SLC,MSP,991,10,21,0,,0,0,0,0,0,0
2007,7,7,6,1000,1000,1139,1139,XE,3124,N13955,99,99,78,0,0,BGR,EWR,393,10,11,0,,0,0,0,0,0,0
2007,3,26,1,1259,1300,1447,1458,US,1557,N423US,108,118,87,-11,-1,CLT,MIA,650,7,14,0,,0,0,0,0,0,0
2007,12,17,1,745,715,951,905,XE,3109,N14940,126,110,86,46,30,ICT,IAH,542,15,25,0,,0,30,0,16,0,0
2007,6,27,3,1907,1845,2059,2019,US,1940,N918UW,112,94,82,40,22,MCO,CLT,468,14,16,0,,0,0,0,18,0,22
2007,6,26,2,800,800,1047,1050,US,273,N680AW,167,170,147,-3,0,SEA,PHX,1107,5,15,0,,0,0,0,0,0,0
2007,5,22,2,1009,950,1217,1150,DL,1166,N920DE,128,120,79,27,19,ATL,IAD,533,10,39,0,,0,0,0,8,0,19
2007,9,17,1,1525,1535,1658,1710,B6,1056,N206JB,93,95,66,-12,-10,PIT,JFK,340,6,21,0,,0,0,0,0,0,0
2007,11,1,4,2022,2011,2154,2059,OO,5421,N216SW,92,48,26,55,11,SAN,LAX,109,6,60,0,,0,0,0,55,0,0
2007,8,3,5,1016,1004,1300,1249,OO,3827,N460SW,104,105,89,11,12,TUS,SLC,601,5,10,0,,0,0,0,0,0,0
2007,5,10,4,1408,1340,2230,2215,HA,22,N593HA,502,515,480,15,28,HNL,SEA,2677,6,16,0,,0,0,0,0,0,15
2007,11,11,7,1539,1538,1806,1810,NW,1151,N361NB,87,92,73,-4,1,RAP,MSP,490,4,10,0,,0,0,0,0,0,0
2007,3,17,6,1457,1450,2140,2139,DL,724,N637DL,223,229,207,1,7,LAS,ATL,1747,6,10,0,,0,0,0,0,0,0
2007,2,12,1,1155,1201,1357,1346,NW,1705,N311US,182,165,159,11,-6,DCA,MSP,931,4,19,0,,0,0,0,0,0,0
2007,9,24,1,1304,1315,1347,1359,OO,5440,N290SW,43,44,29,-12,-11,SAN,LAX,109,2,12,0,,0,0,0,0,0,0
2007,7,21,6,1111,1000,1205,1055,AA,493,N507AA,114,115,88,70,71,DCA,ORD,612,5,21,0,,0,70,0,0,0,0
2007,7,1,7,1040,1030,1208,1157,CO,599,N11641,148,147,118,11,10,IAH,DEN,861,9,21,0,,0,0,0,0,0,0
2007,11,30,5,1831,1835,2245,2205,AA,197,N643AA,434,390,417,40,-4,BOS,SFO,2704,4,13,0,,0,0,0,40,0,0
2007,2,15,4,712,720,1028,1050,AA,1510,N593AA,136,150,118,-22,-8,DFW,DTW,987,7,11,0,,0,0,0,0,0,0
2007,3,8,4,1800,1757,1933,1933,AS,433,N783AS,93,96,79,0,3,OAK,PDX,543,4,10,0,,0,0,0,0,0,0
2007,5,4,5,1420,1420,1604,1610,AA,1871,N449AA,164,170,135,-6,0,DTW,DFW,987,12,17,0,,0,0,0,0,0,0
2007,6,17,7,1116,1120,1226,1230,AA,1456,N526AA,70,70,50,-4,-4,STL,ORD,258,4,16,0,,0,0,0,0,0,0
2007,3,14,3,623,625,712,725,NW,289,N509US,109,120,87,-13,-2,DTW,MEM,610,6,16,0,,0,0,0,0,0,0
2007,9,19,3,851,851,948,950,EV,4639,N970EV,117,119,92,-2,0,ATL,TUL,674,2,23,0,,0,0,0,0,0,0
2007,8,4,6,1807,1730,100,45,WN,1170,N707SA,233,255,218,15,37,LAS,PIT,1910,3,12,0,,0,12,0,0,0,3
2007,9,20,4,620,620,657,702,OH,5358,N927CA,37,42,27,-5,0,LEX,CVG,70,3,7,0,,0,0,0,0,0,0
2007,7,12,4,1503,1500,1550,1555,MQ,4181,N676AE,47,55,31,-5,3,ORD,GRB,174,2,14,0,,0,0,0,0,0,0
2007,4,10,2,1741,1725,1942,1940,B6,1085,N183JB,121,135,84,2,16,JFK,CLT,541,7,30,0,,0,0,0,0,0,0
2007,6,20,3,1244,1245,2112,2132,UA,8,N555UA,328,347,302,-20,-1,SFO,JFK,2586,3,23,0,,0,0,0,0,0,0
2007,4,30,1,1820,1820,2032,2045,AS,193,N558AS,192,205,177,-13,0,SEA,ANC,1449,4,11,0,,0,0,0,0,0,0
2007,3,4,7,551,600,849,850,B6,728,N646JB,178,170,155,-1,-9,BQN,JFK,1576,12,11,0,,0,0,0,0,0,0
2007,7,5,4,1004,1010,1101,1109,YV,2854,N437YV,57,59,47,-8,-6,FLG,PHX,119,4,6,0,,0,0,0,0,0,0
2007,6,4,1,534,539,643,636,OO,5725,N234SW,69,57,48,7,-5,ACV,SMF,207,7,14,0,,0,0,0,0,0,0
2007,2,1,4,1517,1522,1819,1809,NW,1494,N9335,122,107,90,10,-5,MSP,CMH,627,8,24,0,,0,0,0,0,0,0
2007,1,6,6,911,915,1107,1055,UA,637,N552UA,176,160,136,12,-4,EWR,ORD,719,5,35,0,,0,0,0,0,0,0
2007,6,12,2,1433,1400,1807,1530,AA,333,N483AA,274,150,105,157,33,LGA,ORD,733,5,164,0,,0,0,0,124,0,33
2007,2,22,4,1156,1203,1320,1328,FL,892,N955AT,84,85,64,-8,-7,DAB,ATL,366,13,7,0,,0,0,0,0,0,0
2007,5,4,5,1851,1844,1931,1924,OO,5748,N223SW,40,40,26,7,7,LAX,CLD,86,2,12,0,,0,0,0,0,0,0
2007,10,26,5,1913,1825,2147,2052,UA,1239,N203UA,154,147,131,55,48,PDX,LAX,834,14,9,0,,0,0,0,7,0,48
2007,7,11,3,1704,1645,1823,1815,WN,1295,N663SW,79,90,59,8,19,LAS,SJC,386,3,17,0,,0,0,0,0,0,0
2007,5,15,2,1234,1235,1455,1504,DL,1523,N936DL,81,89,63,-9,-1,LIT,ATL,453,8,10,0,,0,0,0,0,0,0
2007,3,9,5,1010,1013,1155,1200,YV,7257,N857MJ,105,107,77,-5,-3,MHT,IAD,418,11,17,0,,0,0,0,0,0,0
2007,9,23,7,824,830,931,946,UA,266,N937UA,67,76,51,-15,-6,MSP,ORD,334,7,9,0,,0,0,0,0,0,0
2007,8,8,3,1354,1345,1658,1655,OO,3992,N863AS,124,130,98,3,9,SLC,FSD,804,4,22,0,,0,0,0,0,0,0
2007,6,22,5,919,920,1008,1006,OO,5762,N292SW,49,46,34,2,-1,RDM,PDX,116,4,11,0,,0,0,0,0,0,0
2007,2,28,3,1118,1120,1245,1240,AA,1024,N3BDAA,147,140,126,5,-2,MIA,BNA,806,5,16,0,,0,0,0,0,0,0
2007,2,28,3,929,940,1216,1221,AS,487,N627AS,167,161,148,-5,-11,SNA,SEA,978,7,12,0,,0,0,0,0,0,0
2007,8,15,3,1038,1030,1544,1540,WN,1621,N731SA,186,190,168,4,8,LAS,HOU,1235,5,13,0,,0,0,0,0,0,0
2007,11,17,6,927,915,1034,1015,WN,773,N654SW,67,60,44,19,12,ONT,LAS,197,8,15,0,,0,0,0,19,0,0
2007,5,3,4,600,605,730,735,9E,5729,84889E,90,90,71,-5,-5,PFN,MEM,417,7,12,0,,0,0,0,0,0,0
2007,1,4,4,1412,1410,1812,1738,NW,678,N376NW,180,148,116,34,2,SLC,MSP,991,6,58,0,,0,0,0,34,0,0
2007,7,26,4,1820,1800,2155,2125,UA,540,N538UA,155,145,109,30,20,ORD,BOS,867,6,40,0,,0,0,0,10,0,20
2007,8,1,3,846,845,1055,1010,WN,1755,N247WN,129,85,80,45,1,LAS,SMF,397,4,45,0,,0,0,0,45,0,0
2007,9,4,2,1653,1659,2116,2119,OO,4037,N604SK,203,200,175,-3,-6,SLC,MSY,1428,5,23,0,,0,0,0,0,0,0
2007,4,30,1,1147,1131,1943,1942,UA,872,N644UA,296,311,270,1,16,SFO,IAD,2419,8,18,0,,0,0,0,0,0,0
2007,7,14,6,915,910,1008,1012,NW,613,N326US,173,182,155,-4,5,MSP,GEG,1175,5,13,0,,0,0,0,0,0,0
2007,2,26,1,848,829,1318,1235,US,223,N673AW,390,366,314,43,19,BOS,PHX,2300,3,73,0,,0,0,19,24,0,0
2007,8,26,7,2107,2110,2224,2223,UA,387,N329UA,77,73,51,1,-3,DEN,ABQ,349,5,21,0,,0,0,0,0,0,0
2007,10,25,4,956,959,1102,1114,CO,117,N76354,66,75,45,-12,-3,IAH,MSY,305,6,15,0,,0,0,0,0,0,0
2007,9,13,4,659,700,858,854,DL,623,N837MH,239,234,217,4,-1,ATL,SLC,1589,6,16,0,,0,0,0,0,0,0
2007,5,24,4,2056,2100,2142,2156,OO,3800,N413SW,106,116,82,-14,-4,SLC,BFL,534,4,20,0,,0,0,0,0,0,0
2007,2,8,4,736,740,1004,1000,EV,4703,N752EV,88,80,66,4,-4,BTR,ATL,449,14,8,0,,0,0,0,0,0,0
2007,5,23,3,959,1001,1049,1055,OO,6066,N567SW,50,54,36,-6,-2,LAX,SAN,109,5,9,0,,0,0,0,0,0,0
2007,5,14,1,855,855,1016,1016,OH,5580,N408CA,81,81,53,0,0,TTN,BOS,245,14,14,0,,0,0,0,0,0,0
2007,2,3,6,827,830,1055,1100,F9,505,N910FR,268,270,246,-5,-3,LGA,DEN,1619,9,13,0,,0,0,0,0,0,0
2007,8,19,7,1732,1700,2041,2003,B6,151,N651JB,189,183,129,38,32,JFK,MCO,944,8,52,0,,0,32,0,6,0,0
2007,9,13,4,711,710,1257,1310,WN,193,N785SW,226,240,212,-13,1,SJC,MDW,1838,5,9,0,,0,0,0,0,0,0
2007,8,28,2,2052,2057,2213,2230,9E,5880,85329E,81,93,63,-17,-5,DTW,TYS,443,6,12,0,,0,0,0,0,0,0
2007,12,28,5,1156,1115,1246,1210,WN,16,N679AA,50,55,35,36,41,DAL,TUL,237,3,12,0,,0,7,0,0,0,29
2007,10,30,2,2058,2105,2144,2208,YV,7495,N446YV,46,63,35,-24,-7,DEN,HDN,142,1,10,0,,0,0,0,0,0,0
2007,10,24,3,1637,1645,1747,1800,XE,403,N18556,130,135,117,-13,-8,BOI,SAN,749,3,10,0,,0,0,0,0,0,0
2007,10,2,2,1912,1915,2210,2158,9E,5751,89749E,118,103,88,12,-3,MEM,CHS,589,12,18,0,,0,0,0,0,0,0
2007,3,24,6,1706,1719,1828,1848,FL,628,N997AT,82,89,62,-20,-13,BOS,PHL,280,6,14,0,,0,0,0,0,0,0
2007,6,9,6,1505,1455,1753,1754,CO,1618,N14118,168,179,138,-1,10,EWR,TPA,998,10,20,0,,0,0,0,0,0,0
2007,1,23,2,2140,2140,2314,2314,YV,7336,N858MJ,94,94,67,0,0,IAD,MHT,418,5,22,0,,0,0,0,0,0,0
2007,8,9,4,1248,1250,1443,1440,MQ,3679,N692AE,115,110,90,3,-2,DFW,EVV,642,3,22,0,,0,0,0,0,0,0
2007,12,9,7,1105,1115,1404,1407,OH,5474,N487CA,119,112,99,-3,-10,MSP,CVG,596,2,18,0,,0,0,0,0,0,0
2007,11,26,1,2032,1925,2349,2207,US,839,N455UW,197,162,151,102,67,FLL,PHL,992,16,30,0,,0,0,0,102,0,0
2007,6,30,6,1043,1000,1316,1229,AA,1687,N569AA,153,149,137,47,43,AUS,ORD,978,5,11,0,,0,43,0,4,0,0
2007,8,18,6,1637,1635,2017,2015,WN,371,N763SW,160,160,147,2,2,SAT,MCO,1040,5,8,0,,0,0,0,0,0,0
2007,8,2,4,1612,1615,1753,1801,FL,75,N328AT,101,106,86,-8,-3,ATL,FLL,581,6,9,0,,0,0,0,0,0,0
2007,6,23,6,913,920,1115,1125,UA,1556,N446UA,122,125,107,-10,-7,MCO,IAD,758,4,11,0,,0,0,0,0,0,0
2007,5,16,3,1915,1900,2145,2136,DL,678,N901DL,150,156,120,9,15,ATL,BOS,946,14,16,0,,0,0,0,0,0,0
2007,12,1,6,909,905,1150,1155,WN,1264,N346SW,101,110,90,-5,4,ABQ,MCI,718,5,6,0,,0,0,0,0,0,0
2007,2,11,7,1731,1733,1923,1931,DL,1018,N3748Y,112,118,94,-8,-2,ORF,ATL,516,10,8,0,,0,0,0,0,0,0
2007,5,7,1,1331,1336,1417,1425,NW,1140,N759NW,46,49,26,-8,-5,MBS,DTW,98,10,10,0,,0,0,0,0,0,0
2007,1,2,2,1945,1945,2105,2121,OH,5268,N957CA,80,96,51,-16,0,LGA,RIC,292,5,24,0,,0,0,0,0,0,0
2007,2,23,5,1418,1410,1628,1624,XE,2479,N27523,130,134,107,4,8,IAH,DSM,802,4,19,0,,0,0,0,0,0,0
2007,1,18,4,1934,1853,2041,2000,XE,2903,N13956,67,67,42,41,41,LFT,IAH,201,12,13,0,,0,0,0,0,0,41
